{"1": [[[12.036705, 28.260089999999998, 42.390135], [18.316724999999998, 15.176715, 27.736755], [1.570005, 5.756685, 5.756685], [2.09334, 1.570005, 2.09334], [0.523335, 0.523335, 1.04667], [2.616675, 1.04667, 1.04667], [1.570005, 2.616675, 1.570005]], [[3.14001, 2.616675, 3.14001], [2.09334, 1.04667, 4.18668], [2.09334, 0.523335, 0.523335], [1.04667, 0.523335, 2.616675], [1.04667, 1.570005, 1.570005], [1.04667, 0.0, 0.523335], [1.570005, 2.09334, 1.570005]], [[2.09334, 2.616675, 3.663345], [3.14001, 4.710015, 2.09334], [1.04667, 4.710015, 1.570005], [2.616675, 3.14001, 5.23335], [0.523335, 1.04667, 1.570005], [2.09334, 2.09334, 2.09334], [1.570005, 2.616675, 1.570005]], [[1.04667, 1.04667, 3.663345], [2.09334, 2.616675, 4.710015], [0.0, 1.570005, 2.09334], [0.523335, 1.570005, 2.09334], [1.570005, 1.570005, 0.523335], [0.523335, 3.663345, 2.616675], [4.710015, 3.663345, 4.18668]], [[3.14001, 5.756685, 4.710015], [2.09334, 3.663345, 4.710015], [6.28002, 7.32669, 6.803355], [3.663345, 2.616675, 8.37336], [4.18668, 6.28002, 4.18668], [6.28002, 7.32669, 9.42003], [14.65338, 15.70005, 17.270055]]], "2+": [[[0.0, 0.0, 0.0], [0.0, 0.0, 0.0], [0.0, 0.0, 0.0], [0.0, 0.0, 0.0], [0.0, 0.0, 0.0], [0.0, 0.0, 0.0]], [[0.0, 0.0, 0.0], [0.0, 0.0, 0.0], [0.0, 0.0, 0.0], [0.0, 0.0, 0.0], [0.0, 0.0, 0.0], [0.0, 0.0, 0.0]], [[0.0, 0.0, 0.0], [0.0, 0.0, 0.0], [0.0, 0.0, 0.0], [0.0, 0.0, 0.0], [0.0, 0.0, 0.0], [0.0, 0.0, 0.0]], [[0.0, 0.0, 0.0], [0.0, 0.0, 0.0], [0.0, 0.0, 0.0], [0.0, 0.0, 0.0], [0.0, 0.0, 0.0], [0.0, 0.0, 0.0]], [[0.0, 0.0, 0.0], [0.0, 0.0, 0.0], [0.0, 0.0, 0.0], [0.0, 0.0, 0.0], [0.0, 0.0, 0.0], [0.0, 0.0, 0.0]]]}