{"1": [[[5.15472048, 3.5080736600000004, 9.450320880000001], [3.72285368, 3.1501069600000005, 4.86834712], [2.21939354, 1.4318668, 2.1478002000000003], [0.93071342, 0.64434006, 1.0739001000000001], [0.7159334, 0.3579667, 0.42956004000000003], [0.8591200800000001, 0.5011533800000001, 0.21478002000000002], [1.4318668, 0.28637336, 0.21478002000000002]], [[1.7182401600000001, 0.8591200800000001, 0.93071342], [0.93071342, 1.0739001000000001, 2.07620686], [1.7898335, 0.7875267400000001, 1.4318668], [0.7875267400000001, 0.21478002000000002, 0.57274672], [0.42956004000000003, 0.64434006, 0.5011533800000001], [1.14549344, 0.8591200800000001, 0.64434006], [1.14549344, 0.3579667, 0.3579667]], [[1.6466468200000002, 1.14549344, 1.4318668], [1.5750534800000002, 0.8591200800000001, 2.07620686], [1.0739001000000001, 1.7898335, 2.0046135200000004], [1.3602734600000002, 1.0023067600000002, 0.64434006], [0.7159334, 0.7875267400000001, 0.7875267400000001], [2.29098688, 1.0739001000000001, 0.28637336], [2.1478002000000003, 0.3579667, 0.64434006]], [[0.42956004000000003, 0.57274672, 0.93071342], [0.3579667, 0.42956004000000003, 0.8591200800000001], [0.93071342, 0.64434006, 0.7875267400000001], [0.93071342, 0.64434006, 0.7875267400000001], [1.21708678, 0.3579667, 0.5011533800000001], [1.50346014, 0.42956004000000003, 0.8591200800000001], [1.6466468200000002, 1.21708678, 0.14318668]], [[1.4318668, 0.64434006, 1.7898335], [1.5750534800000002, 2.1478002000000003, 2.7205469200000003], [2.57736024, 2.0046135200000004, 2.8637336], [2.43417356, 1.6466468200000002, 2.29098688], [2.0046135200000004, 1.7182401600000001, 2.07620686], [3.5080736600000004, 2.8637336, 2.07620686], [7.37411402, 4.15241372, 1.4318668]]], "2+": [[[0.0, 0.0, 0.0], [0.0, 0.0, 0.0], [0.0, 0.0, 0.0], [0.0, 0.0, 0.0], [0.0, 0.0, 0.0], [0.0, 0.0, 0.0]], [[0.0, 0.0, 0.0], [0.0, 0.0, 0.0], [0.0, 0.0, 0.0], [0.0, 0.0, 0.0], [0.0, 0.0, 0.0], [0.0, 0.0, 0.0]], [[0.0, 0.0, 0.0], [0.0, 0.0, 0.0], [0.0, 0.0, 0.0], [0.0, 0.0, 0.0], [0.0, 0.0, 0.0], [0.0, 0.0, 0.0]], [[0.0, 0.0, 0.0], [0.0, 0.0, 0.0], [0.0, 0.0, 0.0], [0.0, 0.0, 0.0], [0.0, 0.0, 0.0], [0.0, 0.0, 0.0]], [[0.0, 0.0, 0.0], [0.0, 0.0, 0.0], [0.0, 0.0, 0.0], [0.0, 0.0, 0.0], [0.0, 0.0, 0.0], [0.0, 0.0, 0.0]]]}