{"1": [[[3.7956257400000006, 2.9362387800000005, 9.453256560000002], [3.0794699400000005, 2.0052362400000003, 4.869859440000001], [1.5039271800000003, 0.5013090600000001, 1.5039271800000003], [0.28646232000000005, 0.35807790000000006, 0.5013090600000001], [0.42969348000000007, 0.14323116000000002, 0.14323116000000002], [0.7161558000000001, 0.28646232000000005, 0.42969348000000007], [0.5013090600000001, 0.21484674000000004, 0.28646232000000005]], [[0.42969348000000007, 0.28646232000000005, 0.21484674000000004], [0.7877713800000001, 0.28646232000000005, 0.6445402200000001], [0.28646232000000005, 0.35807790000000006, 0.28646232000000005], [0.5013090600000001, 0.21484674000000004, 0.35807790000000006], [0.28646232000000005, 0.14323116000000002, 0.14323116000000002], [0.5013090600000001, 0.21484674000000004, 0.35807790000000006], [0.9310025400000002, 0.7161558000000001, 0.07161558000000001]], [[0.6445402200000001, 0.28646232000000005, 1.0026181200000002], [0.5729246400000001, 0.42969348000000007, 0.6445402200000001], [0.7161558000000001, 0.9310025400000002, 0.7161558000000001], [0.7877713800000001, 0.5013090600000001, 0.42969348000000007], [0.5729246400000001, 0.35807790000000006, 0.28646232000000005], [0.9310025400000002, 0.0, 0.5013090600000001], [2.0052362400000003, 1.0026181200000002, 0.35807790000000006]], [[0.35807790000000006, 0.14323116000000002, 0.42969348000000007], [0.35807790000000006, 0.42969348000000007, 0.7161558000000001], [0.35807790000000006, 0.21484674000000004, 0.5013090600000001], [0.5729246400000001, 0.07161558000000001, 0.5729246400000001], [0.28646232000000005, 0.42969348000000007, 0.14323116000000002], [0.7161558000000001, 0.28646232000000005, 0.7161558000000001], [1.5039271800000003, 0.7161558000000001, 0.07161558000000001]], [[0.7877713800000001, 0.7877713800000001, 1.1458492800000002], [1.0026181200000002, 0.5729246400000001, 2.0052362400000003], [0.8593869600000001, 0.9310025400000002, 1.6471583400000003], [1.1458492800000002, 0.7877713800000001, 1.2174648600000002], [0.5729246400000001, 0.9310025400000002, 1.4323116000000002], [2.7213920400000005, 1.3606960200000002, 1.5755427600000003], [6.2305554600000015, 3.2943166800000006, 0.8593869600000001]]], "2+": [[[0.0, 0.0, 0.0], [0.0, 0.0, 0.0], [0.0, 0.0, 0.0], [0.0, 0.0, 0.0], [0.0, 0.0, 0.0], [0.0, 0.0, 0.0]], [[0.0, 0.0, 0.0], [0.0, 0.0, 0.0], [0.0, 0.0, 0.0], [0.0, 0.0, 0.0], [0.0, 0.0, 0.0], [0.0, 0.0, 0.0]], [[0.0, 0.0, 0.0], [0.0, 0.0, 0.0], [0.0, 0.0, 0.0], [0.0, 0.0, 0.0], [0.0, 0.0, 0.0], [0.0, 0.0, 0.0]], [[0.0, 0.0, 0.0], [0.0, 0.0, 0.0], [0.0, 0.0, 0.0], [0.0, 0.0, 0.0], [0.0, 0.0, 0.0], [0.0, 0.0, 0.0]], [[0.0, 0.0, 0.0], [0.0, 0.0, 0.0], [0.0, 0.0, 0.0], [0.0, 0.0, 0.0], [0.0, 0.0, 0.0], [0.0, 0.0, 0.0]]]}