{"1": [[[4.2493967999999995, 4.2493967999999995, 1.4164656], [2.8329312, 5.6658624, 5.6658624], [1.4164656, 1.4164656, 7.082328], [0.0, 0.0, 0.0], [0.0, 1.4164656, 0.0], [0.0, 1.4164656, 0.0], [0.0, 0.0, 0.0]], [[0.0, 1.4164656, 0.0], [0.0, 0.0, 1.4164656], [0.0, 1.4164656, 0.0], [0.0, 0.0, 0.0], [0.0, 1.4164656, 0.0], [0.0, 0.0, 0.0], [0.0, 0.0, 0.0]], [[0.0, 0.0, 1.4164656], [1.4164656, 0.0, 0.0], [0.0, 1.4164656, 0.0], [1.4164656, 0.0, 0.0], [0.0, 0.0, 0.0], [0.0, 0.0, 1.4164656], [1.4164656, 0.0, 1.4164656]], [[0.0, 0.0, 1.4164656], [0.0, 0.0, 0.0], [0.0, 0.0, 1.4164656], [0.0, 1.4164656, 0.0], [0.0, 0.0, 0.0], [0.0, 0.0, 1.4164656], [0.0, 0.0, 0.0]], [[0.0, 4.2493967999999995, 1.4164656], [0.0, 0.0, 1.4164656], [1.4164656, 0.0, 0.0], [1.4164656, 0.0, 1.4164656], [2.8329312, 0.0, 0.0], [1.4164656, 0.0, 0.0], [5.6658624, 0.0, 2.8329312]]], "2+": [[[5.6658624, 0.0, 8.498793599999999], [2.8329312, 0.0, 7.082328], [5.6658624, 4.2493967999999995, 2.8329312], [0.0, 2.8329312, 0.0], [1.4164656, 0.0, 2.8329312], [2.8329312, 0.0, 0.0]], [[2.8329312, 0.0, 1.4164656], [2.8329312, 0.0, 0.0], [2.8329312, 0.0, 1.4164656], [1.4164656, 0.0, 0.0], [0.0, 0.0, 0.0], [1.4164656, 1.4164656, 0.0]], [[0.0, 1.4164656, 0.0], [1.4164656, 0.0, 0.0], [1.4164656, 2.8329312, 0.0], [1.4164656, 1.4164656, 1.4164656], [1.4164656, 0.0, 0.0], [2.8329312, 2.8329312, 0.0]], [[0.0, 0.0, 1.4164656], [0.0, 0.0, 1.4164656], [0.0, 0.0, 0.0], [1.4164656, 1.4164656, 0.0], [0.0, 0.0, 0.0], [1.4164656, 0.0, 0.0]], [[0.0, 0.0, 1.4164656], [0.0, 0.0, 0.0], [1.4164656, 0.0, 0.0], [1.4164656, 1.4164656, 0.0], [1.4164656, 0.0, 1.4164656], [9.9152592, 1.4164656, 1.4164656]]]}