{"1": [[[10.547320000000001, 21.094640000000002, 21.094640000000002], [0.0, 21.094640000000002, 21.094640000000002], [0.0, 0.0, 0.0], [0.0, 0.0, 10.547320000000001], [0.0, 0.0, 0.0], [0.0, 0.0, 0.0], [0.0, 10.547320000000001, 0.0]], [[21.094640000000002, 10.547320000000001, 10.547320000000001], [10.547320000000001, 0.0, 0.0], [0.0, 0.0, 0.0], [0.0, 0.0, 10.547320000000001], [0.0, 10.547320000000001, 10.547320000000001], [0.0, 0.0, 0.0], [0.0, 0.0, 0.0]], [[10.547320000000001, 10.547320000000001, 0.0], [0.0, 10.547320000000001, 0.0], [0.0, 0.0, 10.547320000000001], [10.547320000000001, 21.094640000000002, 21.094640000000002], [0.0, 0.0, 0.0], [0.0, 0.0, 0.0], [0.0, 0.0, 0.0]], [[0.0, 0.0, 0.0], [0.0, 10.547320000000001, 0.0], [0.0, 0.0, 0.0], [0.0, 0.0, 0.0], [0.0, 0.0, 0.0], [0.0, 0.0, 10.547320000000001], [0.0, 0.0, 0.0]], [[0.0, 0.0, 21.094640000000002], [10.547320000000001, 10.547320000000001, 10.547320000000001], [10.547320000000001, 21.094640000000002, 0.0], [0.0, 21.094640000000002, 21.094640000000002], [0.0, 0.0, 0.0], [0.0, 0.0, 0.0], [0.0, 0.0, 0.0]]], "2+": [[[31.641960000000005, 42.189280000000004, 10.547320000000001], [0.0, 31.641960000000005, 31.641960000000005], [52.7366, 21.094640000000002, 52.7366], [10.547320000000001, 0.0, 10.547320000000001], [0.0, 0.0, 0.0], [0.0, 0.0, 0.0]], [[21.094640000000002, 21.094640000000002, 31.641960000000005], [0.0, 31.641960000000005, 10.547320000000001], [10.547320000000001, 21.094640000000002, 0.0], [10.547320000000001, 0.0, 21.094640000000002], [0.0, 0.0, 0.0], [0.0, 21.094640000000002, 0.0]], [[10.547320000000001, 0.0, 21.094640000000002], [0.0, 0.0, 10.547320000000001], [0.0, 21.094640000000002, 0.0], [0.0, 10.547320000000001, 21.094640000000002], [21.094640000000002, 0.0, 10.547320000000001], [0.0, 0.0, 0.0]], [[0.0, 0.0, 10.547320000000001], [0.0, 0.0, 10.547320000000001], [0.0, 10.547320000000001, 10.547320000000001], [0.0, 0.0, 0.0], [0.0, 0.0, 0.0], [10.547320000000001, 10.547320000000001, 0.0]], [[31.641960000000005, 42.189280000000004, 0.0], [0.0, 0.0, 31.641960000000005], [10.547320000000001, 21.094640000000002, 0.0], [0.0, 0.0, 21.094640000000002], [0.0, 0.0, 0.0], [10.547320000000001, 0.0, 31.641960000000005]]]}