{"1": [[[21.550198599999998, 30.485646799999998, 45.7284702], [13.665979599999998, 13.140365, 20.498969399999996], [6.307375199999999, 7.884218999999999, 11.563521199999999], [3.6793021999999995, 4.2049167999999995, 4.2049167999999995], [4.730531399999999, 2.1024583999999997, 3.6793021999999995], [2.1024583999999997, 2.1024583999999997, 3.6793021999999995], [1.5768437999999998, 3.1536875999999996, 2.1024583999999997]], [[5.256145999999999, 4.2049167999999995, 7.884218999999999], [3.6793021999999995, 5.256145999999999, 8.9354482], [3.1536875999999996, 3.1536875999999996, 4.2049167999999995], [2.6280729999999997, 3.6793021999999995, 3.6793021999999995], [1.0512291999999999, 3.1536875999999996, 2.6280729999999997], [2.1024583999999997, 2.6280729999999997, 2.1024583999999997], [2.1024583999999997, 1.5768437999999998, 3.1536875999999996]], [[3.1536875999999996, 7.358604399999999, 6.307375199999999], [5.256145999999999, 7.884218999999999, 9.986677399999998], [4.730531399999999, 3.6793021999999995, 8.409833599999999], [3.1536875999999996, 5.256145999999999, 6.832989799999999], [3.6793021999999995, 1.5768437999999998, 2.1024583999999997], [4.730531399999999, 6.307375199999999, 5.256145999999999], [4.730531399999999, 6.832989799999999, 4.2049167999999995]], [[2.1024583999999997, 3.1536875999999996, 2.1024583999999997], [1.5768437999999998, 2.6280729999999997, 4.2049167999999995], [1.5768437999999998, 4.2049167999999995, 5.256145999999999], [1.5768437999999998, 2.1024583999999997, 7.358604399999999], [1.5768437999999998, 2.6280729999999997, 4.2049167999999995], [1.5768437999999998, 5.781760599999999, 3.1536875999999996], [4.730531399999999, 3.6793021999999995, 3.1536875999999996]], [[5.256145999999999, 4.730531399999999, 8.409833599999999], [8.9354482, 15.242823399999999, 13.665979599999998], [5.781760599999999, 13.140365, 16.819667199999998], [12.089135799999998, 6.832989799999999, 11.563521199999999], [9.986677399999998, 9.986677399999998, 6.832989799999999], [13.140365, 15.242823399999999, 14.191594199999997], [19.4477402, 22.601427799999996, 20.498969399999996]]], "2+": [[[0.0, 0.0, 0.0], [0.0, 0.0, 0.0], [0.0, 0.0, 0.0], [0.0, 0.0, 0.0], [0.0, 0.0, 0.0], [0.0, 0.0, 0.0]], [[0.0, 0.0, 0.0], [0.0, 0.0, 0.0], [0.0, 0.0, 0.0], [0.0, 0.0, 0.0], [0.0, 0.0, 0.0], [0.0, 0.0, 0.0]], [[0.0, 0.0, 0.0], [0.0, 0.0, 0.0], [0.0, 0.0, 0.0], [0.0, 0.0, 0.0], [0.0, 0.0, 0.0], [0.0, 0.0, 0.0]], [[0.0, 0.0, 0.0], [0.0, 0.0, 0.0], [0.0, 0.0, 0.0], [0.0, 0.0, 0.0], [0.0, 0.0, 0.0], [0.0, 0.0, 0.0]], [[0.0, 0.0, 0.0], [0.0, 0.0, 0.0], [0.0, 0.0, 0.0], [0.0, 0.0, 0.0], [0.0, 0.0, 0.0], [0.0, 0.0, 0.0]]]}