{"1": [[[7.537149900000001, 6.891108480000001, 11.341616040000002], [6.8193261000000005, 4.235160420000001, 6.532196580000001], [3.4455542400000003, 3.2302071000000003, 3.3019894800000005], [1.9381242600000002, 1.6509947400000002, 1.7227771200000002], [0.8613885600000001, 0.8613885600000001, 0.57425904], [0.7178238000000001, 0.8613885600000001, 0.43069428000000004], [0.43069428000000004, 0.35891190000000006, 0.14356476]], [[3.15842472, 2.22525378, 2.72773044], [2.3688185400000004, 2.29703616, 3.37377186], [2.5841656800000004, 2.29703616, 1.7227771200000002], [1.36386522, 0.8613885600000001, 0.8613885600000001], [1.0767357000000002, 0.8613885600000001, 0.43069428000000004], [1.22030046, 0.57425904, 0.28712952], [0.50247666, 0.07178238, 0.21534714000000002]], [[1.9381242600000002, 3.15842472, 3.0148599600000003], [3.589119, 2.65594806, 2.5841656800000004], [2.22525378, 3.2302071000000003, 2.7995128200000003], [1.9381242600000002, 1.6509947400000002, 1.4356476000000002], [1.0767357000000002, 0.8613885600000001, 1.2920828400000002], [1.14851808, 0.6460414200000001, 0.28712952], [0.7178238000000001, 0.50247666, 0.43069428000000004]], [[0.9331709400000001, 0.78960618, 1.2920828400000002], [1.36386522, 1.36386522, 1.7945595], [1.22030046, 0.9331709400000001, 0.9331709400000001], [1.2920828400000002, 0.50247666, 0.6460414200000001], [0.43069428000000004, 0.7178238000000001, 0.78960618], [0.57425904, 0.6460414200000001, 0.6460414200000001], [1.0767357000000002, 0.50247666, 0.14356476]], [[2.00990664, 1.5074299800000002, 3.3019894800000005], [2.0816890200000002, 2.22525378, 3.6609013800000003], [2.5841656800000004, 1.7227771200000002, 3.3019894800000005], [2.00990664, 2.1534714000000004, 2.72773044], [2.29703616, 1.14851808, 1.4356476000000002], [2.3688185400000004, 2.22525378, 1.8663418800000002], [2.0816890200000002, 1.22030046, 0.8613885600000001]]], "2+": [[[0.0, 0.0, 0.0], [0.0, 0.0, 0.0], [0.0, 0.0, 0.0], [0.0, 0.0, 0.0], [0.0, 0.0, 0.0], [0.0, 0.0, 0.0]], [[0.0, 0.0, 0.0], [0.0, 0.0, 0.0], [0.0, 0.0, 0.0], [0.0, 0.0, 0.0], [0.0, 0.0, 0.0], [0.0, 0.0, 0.0]], [[0.0, 0.0, 0.0], [0.0, 0.0, 0.0], [0.0, 0.0, 0.0], [0.0, 0.0, 0.0], [0.0, 0.0, 0.0], [0.0, 0.0, 0.0]], [[0.0, 0.0, 0.0], [0.0, 0.0, 0.0], [0.0, 0.0, 0.0], [0.0, 0.0, 0.0], [0.0, 0.0, 0.0], [0.0, 0.0, 0.0]], [[0.0, 0.0, 0.0], [0.0, 0.0, 0.0], [0.0, 0.0, 0.0], [0.0, 0.0, 0.0], [0.0, 0.0, 0.0], [0.0, 0.0, 0.0]]]}