{"1": [[[7.284989999999999, 2.9139959999999996, 5.827991999999999], [4.370994, 2.9139959999999996, 7.284989999999999], [2.9139959999999996, 2.9139959999999996, 1.4569979999999998], [1.4569979999999998, 0.0, 0.0], [0.0, 0.0, 0.0], [0.0, 0.0, 0.0], [0.0, 1.4569979999999998, 0.0]], [[4.370994, 0.0, 1.4569979999999998], [0.0, 1.4569979999999998, 0.0], [1.4569979999999998, 0.0, 1.4569979999999998], [1.4569979999999998, 0.0, 0.0], [2.9139959999999996, 0.0, 0.0], [0.0, 0.0, 0.0], [0.0, 0.0, 0.0]], [[2.9139959999999996, 7.284989999999999, 1.4569979999999998], [1.4569979999999998, 2.9139959999999996, 1.4569979999999998], [0.0, 0.0, 1.4569979999999998], [1.4569979999999998, 1.4569979999999998, 1.4569979999999998], [0.0, 0.0, 0.0], [0.0, 0.0, 0.0], [0.0, 0.0, 0.0]], [[0.0, 0.0, 0.0], [0.0, 0.0, 1.4569979999999998], [1.4569979999999998, 1.4569979999999998, 0.0], [0.0, 0.0, 1.4569979999999998], [0.0, 0.0, 0.0], [1.4569979999999998, 0.0, 0.0], [0.0, 0.0, 0.0]], [[1.4569979999999998, 1.4569979999999998, 1.4569979999999998], [0.0, 0.0, 0.0], [0.0, 0.0, 1.4569979999999998], [1.4569979999999998, 0.0, 0.0], [0.0, 0.0, 1.4569979999999998], [1.4569979999999998, 0.0, 0.0], [1.4569979999999998, 1.4569979999999998, 0.0]]], "2+": [[[5.827991999999999, 8.741988, 8.741988], [1.4569979999999998, 10.198985999999998, 8.741988], [4.370994, 4.370994, 2.9139959999999996], [4.370994, 2.9139959999999996, 2.9139959999999996], [1.4569979999999998, 1.4569979999999998, 0.0], [2.9139959999999996, 2.9139959999999996, 0.0]], [[4.370994, 2.9139959999999996, 7.284989999999999], [4.370994, 2.9139959999999996, 5.827991999999999], [2.9139959999999996, 0.0, 0.0], [0.0, 1.4569979999999998, 1.4569979999999998], [0.0, 0.0, 0.0], [1.4569979999999998, 2.9139959999999996, 1.4569979999999998]], [[0.0, 2.9139959999999996, 0.0], [1.4569979999999998, 0.0, 1.4569979999999998], [4.370994, 0.0, 2.9139959999999996], [2.9139959999999996, 4.370994, 0.0], [1.4569979999999998, 0.0, 0.0], [5.827991999999999, 0.0, 0.0]], [[0.0, 0.0, 0.0], [0.0, 1.4569979999999998, 0.0], [0.0, 0.0, 0.0], [2.9139959999999996, 0.0, 0.0], [1.4569979999999998, 0.0, 0.0], [1.4569979999999998, 0.0, 1.4569979999999998]], [[0.0, 0.0, 2.9139959999999996], [0.0, 4.370994, 4.370994], [0.0, 2.9139959999999996, 1.4569979999999998], [2.9139959999999996, 1.4569979999999998, 4.370994], [1.4569979999999998, 0.0, 1.4569979999999998], [4.370994, 2.9139959999999996, 2.9139959999999996]]]}