{"1": [[[10.372179999999998, 93.34961999999999, 62.23307999999999], [31.116539999999993, 0.0, 31.116539999999993], [10.372179999999998, 0.0, 20.744359999999997], [10.372179999999998, 10.372179999999998, 0.0], [0.0, 0.0, 0.0], [0.0, 0.0, 0.0], [0.0, 0.0, 10.372179999999998]], [[0.0, 0.0, 0.0], [0.0, 0.0, 0.0], [0.0, 0.0, 0.0], [0.0, 0.0, 0.0], [0.0, 0.0, 0.0], [0.0, 0.0, 0.0], [0.0, 0.0, 0.0]], [[10.372179999999998, 0.0, 0.0], [0.0, 0.0, 0.0], [0.0, 0.0, 10.372179999999998], [0.0, 0.0, 0.0], [0.0, 0.0, 0.0], [0.0, 0.0, 0.0], [0.0, 0.0, 0.0]], [[0.0, 0.0, 0.0], [0.0, 0.0, 0.0], [0.0, 0.0, 0.0], [0.0, 0.0, 0.0], [0.0, 0.0, 0.0], [0.0, 10.372179999999998, 0.0], [0.0, 0.0, 0.0]], [[10.372179999999998, 0.0, 10.372179999999998], [10.372179999999998, 10.372179999999998, 0.0], [0.0, 0.0, 20.744359999999997], [10.372179999999998, 0.0, 10.372179999999998], [10.372179999999998, 0.0, 0.0], [31.116539999999993, 0.0, 0.0], [0.0, 0.0, 10.372179999999998]]], "2+": [[[31.116539999999993, 41.488719999999994, 20.744359999999997], [10.372179999999998, 0.0, 20.744359999999997], [20.744359999999997, 31.116539999999993, 10.372179999999998], [10.372179999999998, 0.0, 10.372179999999998], [0.0, 20.744359999999997, 10.372179999999998], [0.0, 10.372179999999998, 0.0]], [[10.372179999999998, 10.372179999999998, 10.372179999999998], [10.372179999999998, 10.372179999999998, 0.0], [0.0, 0.0, 0.0], [10.372179999999998, 10.372179999999998, 0.0], [0.0, 0.0, 10.372179999999998], [0.0, 0.0, 0.0]], [[10.372179999999998, 20.744359999999997, 0.0], [0.0, 0.0, 0.0], [20.744359999999997, 10.372179999999998, 0.0], [0.0, 10.372179999999998, 0.0], [0.0, 0.0, 0.0], [20.744359999999997, 10.372179999999998, 10.372179999999998]], [[0.0, 0.0, 10.372179999999998], [10.372179999999998, 0.0, 0.0], [0.0, 0.0, 0.0], [20.744359999999997, 0.0, 0.0], [0.0, 0.0, 0.0], [20.744359999999997, 10.372179999999998, 0.0]], [[10.372179999999998, 0.0, 0.0], [0.0, 10.372179999999998, 0.0], [0.0, 0.0, 10.372179999999998], [0.0, 0.0, 0.0], [0.0, 10.372179999999998, 10.372179999999998], [0.0, 20.744359999999997, 51.860899999999994]]]}