{"1": [[[32.018399800000005, 30.9686162, 53.0140718], [16.2716458, 23.620131, 41.991344], [9.4480524, 7.8733770000000005, 22.5703474], [4.1991344, 4.1991344, 9.9729442], [2.0995672, 0.5248918, 5.7738098], [3.6742426000000004, 1.5746754, 3.6742426000000004], [0.5248918, 1.5746754, 1.5746754]], [[11.0227278, 11.0227278, 20.4707802], [9.4480524, 11.0227278, 15.2218622], [4.7240262, 7.348485200000001, 9.4480524], [4.1991344, 6.8235934, 6.2987016], [3.6742426000000004, 2.624459, 1.5746754], [2.0995672, 5.7738098, 6.2987016], [0.5248918, 0.5248918, 1.0497836]], [[6.2987016, 11.0227278, 16.2716458], [13.122295000000001, 9.4480524, 13.122295000000001], [9.4480524, 11.5476196, 11.5476196], [6.2987016, 4.1991344, 11.0227278], [3.1493508, 3.6742426000000004, 5.248918], [4.1991344, 4.1991344, 3.1493508], [0.0, 2.624459, 2.624459]], [[5.7738098, 5.248918, 9.4480524], [3.1493508, 7.8733770000000005, 8.3982688], [6.8235934, 5.7738098, 6.8235934], [5.7738098, 3.6742426000000004, 7.8733770000000005], [2.624459, 2.624459, 3.6742426000000004], [4.7240262, 2.0995672, 3.6742426000000004], [1.0497836, 2.0995672, 1.5746754]], [[8.3982688, 15.746754000000001, 16.2716458], [8.923160600000001, 13.6471868, 19.420996600000002], [9.4480524, 14.1720786, 14.696970400000001], [5.248918, 7.348485200000001, 7.8733770000000005], [3.1493508, 10.497836, 11.0227278], [11.5476196, 11.5476196, 6.2987016], [4.1991344, 7.348485200000001, 11.0227278]]], "2+": [[[0.0, 0.0, 0.0], [0.0, 0.0, 0.0], [0.0, 0.0, 0.0], [0.0, 0.0, 0.0], [0.0, 0.0, 0.0], [0.0, 0.0, 0.0]], [[0.0, 0.0, 0.0], [0.0, 0.0, 0.0], [0.0, 0.0, 0.0], [0.0, 0.0, 0.0], [0.0, 0.0, 0.0], [0.0, 0.0, 0.0]], [[0.0, 0.0, 0.0], [0.0, 0.0, 0.0], [0.0, 0.0, 0.0], [0.0, 0.0, 0.0], [0.0, 0.0, 0.0], [0.0, 0.0, 0.0]], [[0.0, 0.0, 0.0], [0.0, 0.0, 0.0], [0.0, 0.0, 0.0], [0.0, 0.0, 0.0], [0.0, 0.0, 0.0], [0.0, 0.0, 0.0]], [[0.0, 0.0, 0.0], [0.0, 0.0, 0.0], [0.0, 0.0, 0.0], [0.0, 0.0, 0.0], [0.0, 0.0, 0.0], [0.0, 0.0, 0.0]]]}